"test1","2016-06-13"
dran,2016-06-13
dracho,2016-06-13
dracho,2016-06-13:19-39-43
test1,2016-06-13:19-44-24
dracho,2016-06-13:19-48-13
dran,2016-06-13:19-55-22
dracho,2016-06-13:20-21-54
dracho,2016-06-13:22-36-26
dracho,2016-06-13:22-43-17
dracho,2016-06-13:23-11-24
dracho,2016-06-13:23-14-27
dracho,2016-06-13:23-20-31
dracho,2016-06-13:23-23-01
dracho,2016-06-13:23-27-01
dracho,2016-06-13:23-31-13
dracho,2016-06-14:20-25-29
dracho,2016-06-14:20-30-02
dracho,2016-06-14:20-36-36
dracho,2016-06-14:20-39-23
dracho,2016-06-21:17-03-26
dracho,2016-06-21:17-44-58
dracho,2016-06-21:17-47-39
dracho,2016-06-21:17-49-37
dracho,2016-06-21:17-54-01
dracho,2016-06-21:17-58-35
dracho,2016-06-21:18-01-33
dracho,2016-06-21:18-09-49
dracho,2016-06-21:18-12-27
dracho,2016-06-21:18-12-51
dracho,2016-06-21:18-16-48
dracho,2016-06-21:18-18-46
dracho,2016-06-21:18-21-23
dracho,2016-06-21:18-24-31
dracho,2016-06-21:18-28-23
dracho,2016-06-21:18-31-01
dracho,2016-06-21:18-33-33
dracho,2016-06-21:18-35-39
dracho,2016-06-21:18-38-55
dracho,2016-06-21:18-44-15
dracho,2016-06-21:18-46-11
dracho,2016-06-21:18-46-29
dracho,2016-06-21:18-53-00
dracho,2016-06-21:22-09-26
dracho,2016-06-21:22-28-18
dracho,2016-06-22:00-04-48
dracho,2016-06-22:00-09-58
dracho,2016-06-22:00-26-19
dracho,2016-06-22:00-38-59
dracho,2016-06-22:00-39-29
dracho,2016-06-23:20-45-56
dracho,2016-06-23:20-50-33
dracho,2016-06-23:21-06-42
dracho,2016-06-23:21-09-51
dracho,2016-06-23:21-19-41
dracho,2016-06-23:21-21-59
dracho,2016-06-23:21-23-16
dracho,2016-06-26:17-27-07
dracho,2016-06-26:17-28-15
dracho,2016-06-26:17-30-58
dracho,2016-06-26:17-36-15
dracho,2016-06-27:18-05-35
dracho,2016-07-08:13-52-50
dracho,2016-07-08:13-54-01
dracho,2016-07-08:13-56-56
dracho,2016-07-08:14-04-41
dracho,2016-07-08:14-09-48
dracho,2016-07-08:14-11-50
dracho,2016-07-08:14-17-40
dracho,2016-07-08:14-20-05
dracho,2016-07-08:14-56-40
dracho,2016-07-08:15-05-45
dracho,2016-07-08:15-07-05
dran,2016-07-08:15-11-29
dracho,2016-07-08:15-14-22
krako,2016-07-08:15-15-04
krakoon,2016-07-08:15-24-28
krakoon,2016-07-08:15-33-44
dracho,2016-07-08:20-26-20
dracho,2016-07-08:20-27-21
dracho,2016-07-08:20-34-47
krako,2016-07-08:20-35-03
dran,2016-07-08:20-46-34
dracho,2016-07-08:20-50-30
dracho,2016-07-16:14-23-58
dracho,2016-07-16:14-29-44
dracho,2016-07-16:14-37-59
dracho,2016-07-16:14-45-17
dracho,2016-07-16:14-46-09
dran,2016-07-16:14-51-06
dran,2016-07-16:14-52-35
dracho,2016-09-21:23-37-47
dracho,2016-09-21:23-43-01
dracho,2016-09-21:23-48-32
dracho,2016-09-22:00-00-09
dran,2016-09-22:00-08-41
dracho,2016-09-27:19-34-32
dracho,2016-09-27:20-00-38
dracho,2016-10-16:18-42-48
dracho,2016-10-16:20-40-54
dracho,2016-10-16:20-51-45
dracho,2016-10-16:21-02-42
dracho,2016-10-16:21-05-46
dracho,2016-10-16:21-07-50
dracho,2016-10-16:21-14-17
dracho,2016-10-16:21-14-55
dracho,2016-10-16:21-18-29
dracho,2016-10-16:21-26-47
dracho,2016-10-17:15-18-05
dracho,2016-10-17:15-18-05
dracho,2016-10-17:15-20-56
dracho,2016-10-17:15-26-56
dracho,2016-10-18:16-44-33
dracho,2016-10-21:12-19-15
dracho,2016-10-23:20-03-26
dracho,2016-10-23:20-13-16
dracho,2016-10-23:20-21-40
dracho,2016-10-23:20-24-10
dracho,2016-10-23:20-29-44
dracho,2016-10-23:20-32-19
dracho,2016-10-23:20-35-02
dracho,2016-10-23:20-37-25
dracho,2016-10-23:20-40-02
dracho,2016-10-23:20-58-44
dracho,2016-10-23:21-00-47
dracho,2016-10-23:22-43-16
dracho,2016-10-23:22-49-23
dracho,2016-10-23:22-55-30
dracho,2016-10-23:23-02-21
dracho,2016-10-23:23-05-46
dracho,2016-10-23:23-13-47
dracho,2016-10-23:23-15-46
dracho,2016-10-23:23-23-05
dracho,2016-10-23:23-24-26
dracho,2016-10-23:23-58-05
dracho,2016-10-24:00-07-11
dracho,2016-10-24:00-10-35
dracho,2016-10-24:00-16-30
dracho,2016-10-24:00-25-25
dracho,2016-10-24:22-46-16
dracho,2016-10-24:22-52-07
dracho,2016-10-24:22-53-33
dracho,2016-10-24:22-57-14
dracho,2016-10-24:23-17-37
dracho,2016-10-24:23-21-22
dracho,2016-10-24:23-23-17
dracho,2016-10-24:23-25-20
dracho,2016-10-24:23-28-40
dracho,2016-10-24:23-34-15
dracho,2016-10-25:13-00-24
dracho,2016-10-25:13-04-44
dracho,2016-10-25:13-04-51
dracho,2016-10-25:13-07-06
dracho,2016-10-25:13-08-50
dracho,2016-10-25:13-16-31
dracho,2016-10-25:13-19-23
dracho,2016-10-25:13-26-32
dracho,2016-10-25:13-36-47
dracho,2016-10-26:12-08-23
dracho,2016-10-26:12-15-18
dracho,2016-10-26:12-21-19
dracho,2016-10-26:12-23-00
dracho,2016-10-26:12-49-46
dracho,2016-10-26:12-57-34
dran,2016-10-26:12-59-20
dracho,2016-10-26:13-06-31
dracho,2016-10-26:13-07-33
dracho,2016-10-26:13-11-15
dracho,2016-10-26:13-18-34
dracho,2016-10-26:13-25-42
dracho,2016-10-26:13-31-46
dracho,2016-10-26:13-34-10
dracho,2016-10-26:13-35-28
dracho,2016-10-26:13-36-04
dracho,2016-10-26:14-51-23
dracho,2016-10-26:14-52-25
dracho,2016-10-26:15-06-44
dracho,2016-10-26:15-27-06
dracho,2016-10-26:15-28-17
dracho,2016-10-26:15-29-09
dracho,2016-10-26:15-30-26
dracho,2016-10-26:15-38-00
dracho,2016-10-26:15-43-52
dracho,2016-10-26:15-50-30
dracho,2016-10-26:23-11-02
dracho,2016-10-26:23-13-35
dracho,2016-10-26:23-15-37
dracho,2016-10-26:23-20-49
dracho,2016-10-26:23-22-14
dracho,2016-10-26:23-39-50
dracho,2016-10-26:23-45-22
dracho,2016-10-26:23-46-23
dracho,2016-10-26:23-47-55
dracho,2016-10-26:23-50-59
dracho,2016-10-26:23-52-29
dracho,2016-10-26:23-55-30
dracho,2016-10-26:23-57-17
dracho,2016-10-26:23-59-17
dracho,2016-10-27:00-00-15
dracho,2016-10-27:00-02-54
dracho,2016-10-27:00-04-37
dracho,2016-10-27:00-05-26
dracho,2016-10-27:00-06-22
dracho,2016-10-27:00-07-45
dracho,2016-10-27:00-11-25
dracho,2016-10-27:00-15-44
dracho,2016-10-27:00-23-55
dracho,2016-10-27:00-26-23
dracho,2016-10-27:23-08-30
dracho,2016-10-27:23-12-19
dracho,2016-10-27:23-13-43
dracho,2016-10-27:23-16-50
dracho,2016-10-27:23-26-27
dracho,2016-10-27:23-35-19
dracho,2016-10-27:23-36-06
dracho,2016-10-27:23-45-04
dracho,2016-10-27:23-47-34
dracho,2016-10-28:11-38-46
dracho,2016-10-28:11-41-14
dracho,2016-10-28:11-48-18
dracho,2016-10-28:11-51-26
dracho,2016-10-28:12-01-51
dracho,2016-10-28:12-03-25
dracho,2016-10-28:12-06-18
dracho,2016-10-28:12-14-41
dracho,2016-10-28:12-16-06
dracho,2016-10-28:14-43-15
dracho,2016-10-28:14-43-15
dracho,2016-10-28:15-05-25
dracho,2016-10-28:15-09-14
dracho,2016-10-28:15-10-27
dracho,2016-10-28:15-21-17
dracho,2016-10-28:15-25-35
dracho,2016-10-28:15-28-39
dracho,2016-10-28:21-17-07
dracho,2016-10-28:21-20-52
dracho,2016-10-28:21-27-54
dracho,2016-10-28:21-35-08
dracho,2016-10-28:21-43-45
dracho,2016-10-28:21-48-37
dracho,2016-10-28:21-52-29
dracho,2016-10-28:22-01-09
dracho,2016-10-28:22-02-30
dracho,2016-10-30:18-49-12
dracho,2016-10-30:22-37-23
dracho,2016-10-30:22-37-57
dracho,2016-10-30:22-48-35
dracho,2016-10-30:22-58-45
dracho,2016-10-30:23-04-05
dracho,2016-10-30:23-08-23
dracho,2016-10-30:23-09-05
dracho,2016-10-30:23-13-58
dracho,2016-10-30:23-16-30
dracho,2016-10-31:00-01-40
dracho,2016-10-31:00-09-08
dracho,2016-10-31:00-12-42
dracho,2016-10-31:11-19-37
dracho,2016-10-31:11-23-00
dracho,2016-10-31:11-42-49
dracho,2016-10-31:11-46-33
dracho,2016-10-31:11-49-47
dracho,2016-10-31:11-54-50
dracho,2016-10-31:11-59-02
dracho,2016-10-31:12-03-47
dracho,2016-10-31:12-09-38
dracho,2016-10-31:12-11-06
dracho,2016-10-31:12-12-38
dracho,2016-10-31:12-14-43
dracho,2016-10-31:12-18-20
dracho,2016-10-31:12-20-27
dracho,2016-10-31:12-24-09
dracho,2016-10-31:12-27-50
dracho,2016-10-31:12-29-58
dracho,2016-10-31:12-33-17
dracho,2016-11-01:23-41-01
dracho,2016-11-01:23-43-33
dracho,2016-11-02:00-18-35
dracho,2016-11-02:00-47-48
dracho,2016-11-02:00-50-46
dracho,2016-11-02:22-30-57
dracho,2016-11-02:22-30-57
dracho,2016-11-02:23-31-02
dracho,2016-11-03:13-16-43
dracho,2016-11-03:13-16-43
dracho,2016-11-03:13-18-43
dracho,2016-11-03:13-34-53
dracho,2016-11-03:13-37-57
dracho,2016-11-03:13-41-28
dracho,2016-11-03:15-25-07
dracho,2016-11-03:15-30-08
nekkro,2016-11-03:15-35-17
dracho,2016-11-03:15-40-37
dracho,2016-11-03:15-44-46
dracho,2016-11-03:15-50-12
dracho,2016-11-03:15-53-54
dracho,2016-11-03:16-00-22
dracho,2016-11-03:16-02-56
dracho,2016-11-03:21-31-15
dracho,2016-11-03:21-33-00
dracho,2016-11-03:21-38-36
dracho,2016-11-03:21-44-37
dracho,2016-11-03:21-52-02
dracho,2016-11-03:22-00-52
dracho,2016-11-03:22-08-18
dracho,2016-11-03:22-09-48
dracho,2016-11-03:22-11-59
dracho,2016-11-03:22-16-24
dracho,2016-11-03:22-18-39
dracho,2016-11-03:22-19-58
dracho,2016-11-03:22-23-39
dracho,2016-11-04:15-52-56
dracho,2016-11-04:15-52-56
dracho,2016-11-04:15-57-57
dracho,2016-11-04:16-03-26
dracho,2016-11-04:17-19-51
dracho,2016-11-04:17-21-26
dracho,2016-11-04:17-22-49
dracho,2016-11-04:17-25-22
dracho,2016-11-04:17-27-23
dracho,2016-11-04:17-29-08
dracho,2016-11-04:17-31-37
dracho,2016-11-04:17-41-52
dracho,2016-11-04:17-44-37
dracho,2016-11-04:17-45-52
dracho,2016-11-04:17-47-45
dracho,2016-11-04:17-50-01
dracho,2016-11-04:17-50-59
dracho,2016-11-04:17-51-24
dracho,2016-11-06:00-18-27
dracho,2016-11-06:00-22-16
nekkkro,2016-11-06:01-06-55
dracho,2016-11-06:22-25-30
dracho,2016-11-06:22-28-24
dracho,2016-11-06:22-31-42
dracho,2016-11-06:22-33-05
dracho,2016-11-07:12-03-04
dracho,2016-11-07:12-18-29
dracho,2016-11-07:12-20-18
dracho,2016-11-07:12-21-36
dracho,2016-11-07:12-26-07
dracho,2016-11-07:12-29-46
dracho,2016-11-07:12-32-25
dracho,2016-11-07:12-35-22
dracho,2016-11-07:12-37-04
dracho,2016-11-07:12-42-29
dracho,2016-11-07:12-45-04
dracho,2016-11-07:12-47-27
dracho,2016-11-07:12-49-46
dracho,2016-11-07:12-57-28
dracho,2016-11-07:13-02-31
dracho,2016-11-07:13-05-46
dracho,2016-11-07:13-12-57
dracho,2016-11-07:13-17-32
dracho,2016-11-07:13-22-10
dracho,2016-11-07:13-24-48
dracho,2016-11-07:13-29-49
dracho,2016-11-07:13-32-48
dracho,2016-11-07:13-34-43
dracho,2016-11-07:13-36-22
dracho,2016-11-07:13-43-08
dracho,2016-11-07:13-44-40
dracho,2016-11-07:13-45-17
dracho,2016-11-07:13-45-42
dracho,2016-11-07:13-47-02
dracho,2016-11-07:13-47-54
dracho,2016-11-07:13-49-30
dracho,2016-11-07:13-50-46
dracho,2016-11-07:13-51-52
dracho,2016-11-07:14-17-47
dracho,2016-11-07:14-21-43
dracho,2016-11-07:14-24-13
dracho,2016-11-07:23-33-09
dracho,2016-11-07:23-46-03
dracho,2016-11-07:23-49-33
dracho,2016-11-07:23-52-40
dracho,2016-11-08:00-05-23
dracho,2016-11-08:00-07-28
dracho,2016-11-08:00-11-37
dracho,2016-11-08:00-12-32
dracho,2016-11-08:00-25-41
dracho,2016-11-08:00-34-57
dracho,2016-11-08:12-59-40
dracho,2016-11-08:12-59-40
dracho,2016-11-08:13-01-34
dracho,2016-11-08:13-03-37
dracho,2016-11-08:20-30-54
dracho,2016-11-08:20-30-54
dracho,2016-11-08:20-32-21
dracho,2016-11-08:20-33-58
dracho,2016-11-08:20-35-35
dracho,2016-11-08:20-54-36
dracho,2016-11-08:20-56-15
drakkkko,2016-11-08:20-59-46
dracho,2016-11-08:23-20-59
dracho,2016-11-08:23-27-14
dracho,2016-11-09:21-18-21
testX,2016-11-10:16-36-19
dracho,2016-11-10:17-44-21
t2,2016-11-10:20-48-17
dracho,2016-11-10:20-56-05
t4,2016-11-10:21-03-18
t5,2016-11-10:21-04-57
t6,2016-11-10:21-07-01
t7,2016-11-10:21-17-00
drax,2016-11-10:21-20-15
dracho,2016-11-10:21-26-14
dracho,2016-11-10:21-37-19
dracho,2016-11-10:21-38-34
dracho,2016-11-10:22-57-26
dracho,2016-11-10:22-59-40
dracho,2016-11-10:23-56-37
dracho,2016-11-11:10-52-20
dracho,2016-11-11:10-52-20
dracho,2016-11-11:10-55-00
dracho,2016-11-11:10-56-41
dracho,2016-11-11:11-05-11
dracho,2016-11-11:11-10-45
dracho,2016-11-11:11-15-08
dracho,2016-11-11:11-16-07
dracho,2016-11-11:11-21-45
dracho,2016-11-11:11-24-15
dracho,2016-11-11:14-27-10
dracho,2016-11-11:14-32-37
dracho,2016-11-11:14-40-57
dracho,2016-11-11:14-43-51
dracho,2016-11-11:14-53-17
dracho,2016-11-11:14-58-29
dracho,2016-11-11:14-59-39
dracho,2016-11-11:15-02-25
dracho,2016-11-11:15-04-06
dracho,2016-11-11:15-07-05
dracho,2016-11-11:15-08-35
dracho,2016-11-11:15-11-02
dracho,2016-11-11:21-34-10
dracho,2016-11-11:21-36-43
dracho,2016-11-11:21-40-53
dracho,2016-11-11:21-49-37
dracho,2016-11-11:21-52-06
dracho,2016-11-11:21-54-03
dracho,2016-11-11:21-55-20
dracho,2016-11-11:21-56-33
dracho,2016-11-11:21-57-52
dracho,2016-11-11:22-00-08
dracho,2016-11-11:22-15-49
dracho,2016-11-11:23-00-32
dracho,2016-11-11:23-05-24
dracho,2016-11-11:23-13-46
dracho,2016-11-11:23-17-51
dracho,2016-11-11:23-22-39
dracho,2016-11-11:23-24-53
dracho,2016-11-11:23-29-34
dracho,2016-11-11:23-34-08
dracho,2016-11-11:23-34-08
dracho,2016-11-11:23-36-32
dracho,2016-11-11:23-56-00
dracho,2016-11-12:00-01-01
dracho,2016-11-12:15-20-14
dracho,2016-11-12:15-28-40
dracho,2016-11-12:15-33-42
dracho,2016-11-12:15-35-06
dracho,2016-11-12:15-53-33
dracho,2016-11-12:15-55-33
dracho,2016-11-12:15-56-33
dracho,2016-11-12:15-57-31
dracho,2016-11-12:15-59-38
dracho,2016-11-12:18-05-19
dracho,2016-11-12:18-07-59
dracho,2016-11-12:18-10-39
dracho,2016-11-12:18-13-17
dracho,2016-11-12:18-17-19
dracho,2016-11-12:18-33-47
dracho,2016-11-12:18-36-49
dracho,2016-11-12:18-40-45
dracho,2016-11-12:18-42-21
dracho,2016-11-13:23-49-20
d1,2016-11-14:22-51-48
d1,2016-11-14:22-55-07
dracho,2016-11-14:23-00-22
dracho,2016-11-14:23-00-22
dracho,2016-11-14:23-19-54
dracho,2016-11-14:23-29-09
dracho,2016-11-15:11-34-44
dracho,2016-11-15:11-37-11
dracho,2016-11-15:12-11-14
dracho,2016-11-15:14-33-13
dracho,2016-11-15:14-35-16
dracho,2016-11-15:14-36-54
dracho,2016-11-15:14-38-10
dracho,2016-11-15:14-43-10
dracho,2016-11-15:14-46-50
dracho,2016-11-15:14-49-58
dracho,2016-11-15:14-53-11
dracho,2016-11-15:14-56-14
dracho,2016-11-15:14-59-01
dracho,2016-11-15:15-03-56
dracho,2016-11-15:21-00-15
dracho,2016-11-15:21-02-45
dracho,2016-11-15:21-04-25
dracho,2016-11-15:21-05-39
dracho,2016-11-15:21-12-40
dracho,2016-11-15:21-18-28
dracho,2016-11-15:21-22-18
dracho,2016-11-15:21-25-09
dracho,2016-11-15:21-32-41
dracho,2016-11-15:21-36-44
juanjo,2016-11-15:21-49-49
juanjo,2016-11-15:21-50-34
dracho,2016-11-16:11-44-35
dracho,2016-11-17:14-51-09
dracho,2016-11-17:14-53-02
dracho,2016-11-17:14-53-42
dracho,2016-11-17:14-57-27
dracho,2016-11-17:14-59-22
dracho,2016-11-17:15-00-24
dracho,2016-11-17:21-59-47
dracho,2016-11-17:22-02-07
dracho,2016-11-17:22-25-43
dracho,2017-05-11:23-38-11
dracho,2017-05-15:00-23-50
dracho,2017-05-22:13-10-11
dracho,2017-05-24:18-34-26
a1,2017-05-30:21-58-37
test2,2017-05-30:22-25-13
test2,2017-05-30:22-30-37
dracho,2017-05-30:22-37-46
dracho,2017-05-30:22-40-31
dracho,2017-05-30:22-46-32
test3,2017-05-30:23-03-58
dracho,2017-05-31:22-30-41
test4,2017-06-08:18-57-50
dracho,2017-06-09:10-32-03
tribunal,2017-06-09:11-15-32
tribunal,2017-06-09:11-19-01
